id,outcome
1,1
2,0
3,1
4,1
5,1
6,1
7,0
8,0
9,0
10,0
11,0
12,1
13,1
14,1
15,1
16,1
17,1
18,1
19,0
20,1
21,0
22,1
23,1
24,1
25,0
26,0
27,1
28,1
29,1
30,0
31,0
32,1
33,1
34,1
35,1
36,0
37,1
38,0
39,0
40,1
41,1
42,1
43,0
44,1
45,1
46,0
47,1
48,1
49,1
50,0
51,0
52,1
53,1
54,0
55,1
56,0
57,1
58,1
59,0
60,1
61,1
62,1
63,0
64,1
65,0
66,1
67,1
68,1
69,1
70,1
71,0
72,1
73,1
74,0
75,0
76,0
77,1
78,1
79,1
80,1
81,1
82,1
83,1
84,0
85,1
86,1
87,1
88,0
89,1
90,1
91,0
92,0
93,0
94,1
95,1
96,1
97,0
98,0
99,0
100,0
101,1
102,0
103,1
104,1
105,0
106,1
107,1
108,1
109,1
110,0
111,0
112,1
113,1
114,0
115,0
116,0
117,1
118,0
119,0
120,1
121,1
122,0
123,1
124,0
125,1
126,1
127,0
128,1
129,1
130,0
131,1
132,0
133,1
134,1
135,0
136,0
137,1
138,0
139,1
140,1
141,1
142,1
143,1
144,1
145,0
146,1
147,0
148,1
149,1
150,1
151,1
152,1
153,1
154,0
155,1
156,1
157,0
158,0
159,1
160,1
161,1
162,1
163,1
164,1
165,1
166,0
167,0
168,0
169,1
170,1
171,1
172,1
173,1
174,0
175,1
176,1
177,0
178,1
179,0
180,0
181,0
182,1
183,0
184,1
185,0
186,1
187,0
188,1
189,1
190,0
191,1
192,0
193,1
194,1
195,0
196,0
197,1
198,0
199,1
200,1
201,0
202,1
203,0
204,1
205,1
206,0
207,1
208,1
209,1
210,0
211,1
212,1
213,0
214,1
215,0
216,0
217,0
218,0
219,0
220,0
221,0
222,0
223,1
224,1
225,0
226,1
227,0
228,1
229,1
230,1
231,0
232,1
233,0
234,1
235,0
236,1
237,0
238,1
239,1
240,1
241,1
242,0
243,0
244,1
245,0
246,0
247,1
248,1
249,1
250,1
251,1
252,1
253,1
254,1
255,0
256,1
257,1
258,1
259,0
260,1
261,0
262,0
263,1
264,1
265,0
266,0
267,1
268,1
269,1
270,1
271,1
272,0
273,0
274,1
275,1
276,1
277,1
278,1
279,1
280,1
281,1
282,1
283,0
284,0
285,1
286,0
287,0
288,1
289,0
290,1
291,1
292,0
293,0
294,1
295,1
296,0
297,1
298,1
299,1
300,0
301,0
302,1
303,1
304,1
305,0
306,1
307,1
308,1
309,1
310,1
311,1
312,1
313,0
314,1
315,1
316,1
317,0
318,0
319,0
320,0
321,1
322,1
323,1
324,0
325,0
326,0
327,1
328,0
329,1
330,0
331,1
332,0
333,0
334,0
335,1
336,0
337,1
338,1
339,0
340,0
341,0
342,1
343,1
344,1
345,1
346,1
347,1
348,1
349,1
350,1
351,1
352,1
353,1
354,1
355,1
356,1
357,0
358,1
359,0
360,1
361,0
362,1
363,1
364,1
365,1
366,0
367,0
368,1
369,1
370,0
371,1
372,0
373,1
374,0
375,1
376,1
377,0
378,1
379,1
380,1
381,1
382,1
383,1
384,1
385,0
386,1
387,0
388,0
389,1
390,0
391,1
392,1
393,0
394,1
395,0
396,1
397,1
398,1
399,1
400,1
401,0
402,1
403,0
404,0
405,0
406,0
407,1
408,1
409,0
410,0
411,0
412,1
413,0
414,0
415,1
416,1
417,1
418,0
419,0
420,0
421,1
422,1
423,1
424,1
425,0
426,1
427,1
428,1
429,0
430,1
431,0
432,1
433,1
434,1
435,1
436,0
437,0
438,1
439,1
440,1
441,0
442,1
443,1
444,0
445,1
446,1
447,1
448,1
449,1
450,1
451,1
452,0
453,1
454,0
455,0
456,0
457,0
458,0
459,1
460,1
461,0
462,1
463,0
464,1
465,0
466,0
467,0
468,1
469,0
470,1
471,1
472,0
473,0
474,1
475,1
476,0
477,1
478,1
479,0
480,1
481,1
482,0
483,1
484,1
485,1
486,0
487,1
488,1
489,1
490,1
491,0
492,0
493,1
494,1
495,0
496,1
497,0
498,1
499,1
500,1
501,0
502,0
503,0
504,0
505,1
506,1
507,1
508,0
509,1
510,1
511,1
512,0
513,1
514,1
515,1
516,1
517,0
518,0
519,1
520,1
521,0
522,1
523,1
524,0
525,1
526,1
527,0
528,1
529,0
530,1
531,1
532,1
533,1
534,0
535,0
536,0
537,0
538,0
539,1
540,1
541,1
542,1
543,0
544,1
545,0
546,0
547,0
548,1
549,0
550,1
551,0
552,1
553,0
554,1
555,1
556,1
557,0
558,1
559,1
560,1
561,0
562,0
563,1
564,1
565,1
566,1
567,0
568,0
569,0
570,0
571,0
572,1
573,1
574,1
575,0
576,0
577,1
578,1
579,1
580,1
581,0
582,1
583,0
584,1
585,1
586,0
587,1
588,1
589,0
590,0
591,1
592,1
593,0
594,1
595,1
596,1
597,0
598,1
599,1
600,1
601,1
602,0
603,1
604,0
605,0
606,1
607,1
608,1
609,0
610,1
611,0
612,1
613,1
614,1
615,0
616,0
617,0
618,1
619,1
620,1
621,1
622,0
623,1
624,1
625,1
626,1
627,1
628,1
629,0
630,1
631,1
632,0
633,1
634,1
635,0
636,1
637,0
638,1
639,1
640,1
641,1
642,0
643,1
644,0
645,1
646,0
647,0
648,1
649,1
650,1
651,1
652,1
653,1
654,1
655,0
656,0
657,1
658,1
659,1
660,1
661,0
662,1
663,1
664,0
665,0
666,1
667,1
668,1
669,0
670,0
671,1
672,1
673,0
674,1
675,1
676,1
677,1
678,1
679,1
680,1
681,0
682,1
683,1
684,1
685,1
686,1
687,1
688,1
689,1
690,0
691,1
692,1
693,0
694,1
695,1
696,0
697,1
698,1
699,0
700,1
701,1
702,0
703,1
704,0
705,1
706,0
707,0
708,0
709,1
710,1
711,1
712,1
713,1
714,0
715,0
716,1
717,1
718,1
719,1
720,1
721,1
722,1
723,1
724,1
725,1
726,0
727,1
728,1
729,0
730,1
731,1
732,1
733,1
734,1
735,0
736,1
737,1
738,1
739,0
740,0
741,1
742,0
743,1
744,1
745,1
746,1
747,0
748,0
749,1
750,1
751,1
752,0
753,0
754,1
755,1
756,0
757,1
758,1
759,1
760,1
761,1
762,1
763,1
764,1
765,1
766,0
767,0
768,0
769,1
770,0
771,1
772,1
773,0
774,1
775,0
776,1
777,1
778,0
779,1
780,1
781,1
782,0
783,1
784,1
785,1
786,1
787,0
788,1
789,0
790,1
791,1
792,1
793,0
794,1
795,0
796,1
797,1
798,1
799,1
800,1
801,1
802,1
803,0
804,0
805,0
806,1
807,0
808,1
809,1
810,1
811,0
812,1
813,1
814,1
815,1
816,0
817,1
818,1
819,1
820,1
821,1
822,1
823,0
824,1
825,1
826,1
827,0
828,0
829,1
830,1
831,1
832,1
833,0
834,1
835,1
836,1
837,1
838,1
839,1
840,1
841,1
842,1
843,1
844,1
845,1
846,1
847,1
848,1
849,0
850,1
851,1
852,1
853,1
854,0
855,1
856,1
857,1
858,1
859,0
860,1
861,1
862,0
863,0
864,1
865,1
866,1
867,1
868,1
869,1
870,0
871,0
872,0
873,1
874,0
875,1
876,0
877,1
878,0
879,1
880,1
881,0
882,1
883,0
884,1
885,0
886,1
887,1
888,1
889,0
890,1
891,1
892,1
893,1
894,1
895,1
896,0
897,1
898,1
899,1
900,1
901,0
902,1
903,0
904,1
905,1
906,1
907,1
908,1
909,1
910,1
911,1
912,0
913,1
914,1
915,1
916,1
917,0
918,1
919,0
920,1
921,1
922,0
923,0
924,1
925,0
926,1
927,1
928,1
929,0
930,0
931,1
932,1
933,1
934,1
935,1
936,0
937,1
938,0
939,0
940,1
941,1
942,1
943,1
944,1
945,1
946,1
947,0
948,1
949,0
950,1
951,1
952,1
953,1
954,1
955,1
956,1
957,0
958,1
959,1
960,1
961,1
962,1
963,1
964,1
965,0
966,1
967,1
968,1
969,1
970,0
971,1
972,1
973,1
974,0
975,1
976,1
977,1
978,1
979,1
980,0
981,1
982,1
983,0
984,1
985,0
986,1
987,1
988,1
989,1
990,0
991,1
992,1
993,1
994,0
995,0
996,1
997,1
998,1
999,1
1000,0
1001,1
1002,1
1003,1
1004,1
1005,1
1006,0
1007,0
1008,1
1009,1
1010,1
1011,1
1012,0
1013,1
1014,1
1015,1
1016,0
1017,1
1018,1
1019,0
1020,1
1021,1
1022,0
1023,1
1024,1
1025,0
1026,1
1027,1
1028,0
1029,1
1030,1
1031,1
1032,1
1033,1
1034,0
1035,1
1036,1
1037,0
1038,1
1039,0
1040,0
1041,1
1042,0
1043,0
1044,1
1045,1
1046,0
1047,1
1048,0
1049,1
1050,0
1051,0
1052,1
1053,0
1054,1
1055,0
1056,0
1057,0
1058,1
1059,1
1060,1
1061,1
1062,1
1063,1
1064,0
1065,0
1066,0
1067,1
1068,0
1069,1
1070,1
1071,0
1072,0
1073,1
1074,1
1075,0
1076,1
1077,1
1078,1
1079,1
1080,1
1081,1
1082,1
1083,0
1084,0
1085,0
1086,0
1087,0
1088,1
1089,1
1090,1
1091,1
1092,1
1093,0
1094,1
1095,1
1096,1
1097,0
1098,1
1099,1
1100,0
1101,0
1102,1
1103,1
1104,1
1105,1
1106,0
1107,1
1108,1
1109,0
1110,1
1111,1
1112,1
1113,0
1114,1
1115,1
1116,0
1117,1
1118,1
1119,1
1120,1
1121,0
1122,0
1123,0
1124,1
1125,1
1126,0
1127,0
1128,0
1129,1
1130,0
1131,0
1132,0
1133,0
1134,1
1135,1
1136,1
1137,1
1138,0
1139,1
1140,1
1141,0
1142,1
1143,0
1144,1
1145,0
1146,1
1147,1
1148,0
1149,0
1150,1
1151,1
1152,1
1153,1
1154,1
1155,0
1156,1
1157,0
1158,0
1159,1
1160,1
1161,1
1162,0
1163,1
1164,1
1165,1
1166,1
1167,1
1168,1
1169,1
1170,0
1171,1
1172,1
1173,0
1174,0
1175,1
1176,0
1177,1
1178,0
1179,1
1180,1
1181,0
1182,0
1183,0
1184,1
1185,1
1186,0
1187,1
1188,0
1189,0
1190,1
1191,1
1192,1
1193,1
1194,1
1195,1
1196,1
1197,0
1198,1
1199,1
1200,1
1201,1
1202,1
1203,1
1204,1
1205,1
1206,1
1207,0
1208,0
1209,1
1210,1
1211,1
1212,1
1213,1
1214,0
1215,1
1216,1
1217,1
1218,1
1219,1
1220,1
1221,1
1222,1
1223,1
1224,0
1225,1
1226,1
1227,1
1228,0
1229,1
1230,1
1231,1
1232,1
1233,1
1234,0
1235,0
1236,1
1237,1
1238,1
1239,1
1240,1
1241,0
1242,1
1243,1
1244,0
1245,1
1246,1
1247,1
1248,1
1249,1
1250,1
1251,1
1252,1
1253,1
1254,1
1255,0
1256,0
1257,1
1258,0
1259,1
1260,1
1261,1
1262,1
1263,1
1264,1
1265,1
1266,0
1267,1
1268,0
1269,1
1270,1
1271,1
1272,1
1273,0
1274,1
1275,0
1276,1
1277,1
1278,0
1279,0
1280,1
1281,0
1282,1
1283,1
1284,0
1285,1
1286,1
1287,1
1288,1
1289,1
1290,0
1291,1
1292,1
1293,1
1294,0
1295,1
1296,1
1297,0
1298,1
1299,0
1300,0
1301,1
1302,1
1303,1
1304,1
1305,1
1306,0
1307,1
1308,1
1309,1
1310,0
1311,1
1312,1
1313,1
1314,0
1315,1
1316,1
1317,1
1318,0
1319,1
1320,1
1321,0
1322,0
1323,1
1324,0
1325,0
1326,0
1327,1
1328,1
1329,1
1330,0
1331,1
1332,0
1333,1
1334,0
1335,1
1336,1
1337,0
1338,0
1339,0
1340,1
1341,1
1342,1
1343,0
1344,0
1345,1
1346,1
1347,0
1348,1
1349,0
1350,1
1351,1
1352,1
1353,0
1354,1
1355,1
1356,1
1357,1
1358,1
1359,1
1360,1
1361,1
1362,1
1363,1
1364,1
1365,1
1366,0
1367,1
1368,1
1369,1
1370,1
1371,0
1372,1
1373,0
1374,1
1375,0
1376,1
1377,0
1378,0
1379,1
1380,0
1381,1
1382,1
1383,1
1384,1
1385,1
1386,0
1387,0
1388,1
1389,0
1390,0
1391,1
1392,1
1393,1
1394,1
1395,1
1396,0
1397,1
1398,0
1399,1
1400,0
1401,1
1402,0
1403,1
1404,1
1405,0
1406,1
1407,1
1408,1
1409,0
1410,1
1411,0
1412,0
1413,0
1414,1
1415,0
1416,1
1417,1
1418,0
1419,1
1420,0
1421,1
1422,0
1423,1
1424,0
1425,0
1426,0
1427,0
1428,1
1429,0
1430,1
1431,1
1432,1
1433,1
1434,1
1435,1
1436,0
1437,0
1438,1
1439,0
1440,1
1441,0
1442,1
1443,0
1444,0
1445,1
1446,0
1447,0
1448,1
1449,1
1450,1
1451,1
1452,1
1453,1
1454,0
1455,0
1456,1
1457,1
1458,1
1459,0
1460,0
1461,1
1462,1
1463,1
1464,0
1465,0
1466,0
1467,1
1468,0
1469,1
1470,0
1471,0
1472,1
1473,1
1474,1
1475,1
1476,0
1477,1
1478,0
1479,0
1480,1
1481,1
1482,0
1483,1
1484,0
1485,1
1486,1
1487,1
1488,0
1489,0
1490,0
1491,0
1492,0
1493,1
1494,1
1495,1
1496,0
1497,1
1498,1
1499,1
1500,0
1501,0
1502,1
1503,1
1504,0
1505,1
1506,0
1507,1
1508,1
1509,1
1510,1
1511,1
1512,1
1513,1
1514,0
1515,1
1516,1
1517,0
1518,1
1519,1
1520,1
1521,1
1522,1
1523,0
1524,1
1525,0
1526,0
1527,0
1528,1
1529,1
1530,1
1531,0
1532,1
1533,0
1534,1
1535,0
1536,1
1537,1
1538,1
1539,1
1540,1
1541,1
1542,0
1543,0
1544,1
1545,1
1546,1
1547,0
1548,1
1549,1
1550,1
1551,1
1552,0
1553,0
1554,1
1555,1
1556,0
1557,1
1558,1
1559,0
1560,1
1561,1
1562,1
1563,1
1564,0
1565,0
1566,1
1567,0
1568,0
1569,0
1570,1
1571,1
1572,1
1573,1
1574,1
1575,0
1576,1
1577,1
1578,0
1579,0
1580,0
1581,0
1582,1
1583,1
1584,1
1585,1
1586,1
1587,1
1588,1
1589,1
1590,1
1591,0
1592,1
1593,1
1594,0
1595,1
1596,1
1597,0
1598,1
1599,1
1600,1
1601,1
1602,0
1603,1
1604,0
1605,1
1606,1
1607,0
1608,0
1609,1
1610,1
1611,1
1612,0
1613,0
1614,0
1615,1
1616,0
1617,1
1618,1
1619,1
1620,1
1621,1
1622,1
1623,1
1624,0
1625,1
1626,1
1627,1
1628,1
1629,1
1630,1
1631,1
1632,1
1633,1
1634,1
1635,0
1636,1
1637,0
1638,1
1639,1
1640,1
1641,1
1642,1
1643,1
1644,0
1645,0
1646,0
1647,1
1648,1
1649,1
1650,1
1651,1
1652,0
1653,1
1654,1
1655,1
1656,0
1657,1
1658,0
1659,0
1660,1
1661,1
1662,1
1663,0
1664,0
1665,1
1666,0
1667,1
1668,1
1669,0
1670,1
1671,1
1672,1
1673,1
1674,0
1675,1
1676,1
1677,0
1678,1
1679,1
1680,0
1681,0
1682,1
1683,1
1684,1
1685,1
1686,0
1687,0
1688,0
1689,1
1690,0
1691,1
1692,1
1693,1
1694,0
1695,0
1696,1
1697,1
1698,1
1699,1
1700,0
1701,1
1702,1
1703,1
1704,1
1705,1
1706,1
1707,0
1708,0
1709,0
1710,1
1711,1
1712,1
1713,1
1714,1
1715,1
1716,0
1717,0
1718,1
1719,1
1720,0
1721,0
1722,0
1723,1
1724,1
1725,1
1726,0
1727,1
1728,1
1729,0
1730,0
1731,1
1732,1
1733,1
1734,1
1735,1
1736,0
1737,1
1738,1
1739,0
1740,1
1741,1
1742,1
1743,0
1744,0
1745,1
1746,1
1747,0
1748,1
1749,0
1750,1
1751,0
1752,1
1753,0
1754,0
1755,0
1756,0
1757,1
1758,1
1759,1
1760,1
1761,0
1762,1
1763,1
1764,1
1765,1
1766,0
1767,0
1768,1
1769,1
1770,1
1771,1
1772,1
1773,1
1774,1
1775,1
1776,1
1777,0
1778,1
1779,1
1780,1
1781,0
1782,0
1783,1
1784,1
1785,1
1786,1
1787,1
1788,0
1789,1
1790,1
1791,0
1792,1
1793,0
1794,1
1795,0
1796,1
1797,1
1798,0
1799,1
1800,1
1801,1
1802,1
1803,1
1804,0
1805,1
1806,1
1807,1
1808,1
1809,1
1810,1
1811,0
1812,1
1813,1
1814,1
1815,1
1816,1
1817,1
1818,1
1819,1
1820,1
1821,0
1822,0
1823,1
1824,0
1825,1
1826,1
1827,1
1828,1
1829,1
1830,1
1831,1
1832,0
1833,0
1834,1
1835,1
1836,1
1837,0
1838,1
1839,0
1840,0
1841,1
1842,0
1843,1
1844,0
1845,1
1846,1
1847,1
1848,1
1849,0
1850,1
1851,1
1852,1
1853,1
1854,1
1855,1
1856,1
1857,1
1858,0
1859,1
1860,1
1861,1
1862,1
1863,1
1864,1
1865,0
1866,1
1867,0
1868,1
1869,1
1870,1
1871,0
1872,1
1873,0
1874,1
1875,1
1876,1
1877,1
1878,1
1879,1
1880,0
1881,1
1882,1
1883,0
1884,1
1885,1
1886,1
1887,0
1888,1
1889,1
1890,0
1891,1
1892,1
1893,1
1894,1
1895,1
1896,1
1897,0
1898,1
1899,0
1900,1
1901,1
1902,1
1903,1
1904,1
1905,1
1906,1
1907,1
1908,0
1909,0
1910,1
1911,1
1912,1
1913,0
1914,1
1915,1
1916,0
1917,1
1918,1
1919,1
1920,1
1921,0
1922,1
1923,1
1924,0
1925,0
1926,1
1927,0
1928,0
1929,1
1930,1
1931,0
1932,0
1933,1
1934,1
1935,1
1936,1
1937,0
1938,1
1939,0
1940,1
1941,1
1942,1
1943,1
1944,0
1945,1
1946,1
1947,1
1948,1
1949,1
1950,0
1951,0
1952,0
1953,1
1954,1
1955,1
1956,1
1957,1
1958,0
1959,1
1960,1
1961,0
1962,1
1963,1
1964,1
1965,1
1966,0
1967,1
1968,1
1969,1
1970,1
1971,0
1972,1
1973,1
1974,1
1975,0
1976,1
1977,0
1978,1
1979,1
1980,1
1981,0
1982,1
1983,1
1984,1
1985,1
1986,1
1987,1
1988,1
1989,1
1990,1
1991,1
1992,1
1993,0
1994,1
1995,1
1996,1
1997,0
1998,1
1999,0
2000,0
2001,1
2002,1
2003,1
2004,0
2005,0
2006,0
2007,0
2008,0
2009,1
2010,1
2011,0
2012,1
2013,0
2014,0
2015,1
2016,1
2017,1
2018,1
2019,1
2020,0
2021,1
2022,1
2023,1
2024,1
2025,1
2026,1
2027,0
2028,1
2029,0
2030,0
2031,1
2032,1
2033,0
2034,1
2035,1
2036,0
2037,1
2038,1
2039,1
2040,1
2041,0
2042,1
2043,0
2044,0
2045,1
2046,1
2047,1
2048,1
2049,0
2050,1
2051,1
2052,1
2053,1
2054,0
2055,1
2056,0
2057,0
2058,1
2059,1
2060,1
2061,1
2062,0
2063,0
2064,1
2065,0
2066,1
2067,0
2068,1
2069,1
2070,0
2071,0
2072,1
2073,1
2074,0
2075,0
2076,1
2077,1
2078,0
2079,1
2080,1
2081,0
2082,0
2083,1
2084,1
2085,1
2086,1
2087,0
2088,1
2089,0
2090,0
2091,1
2092,1
2093,0
2094,1
2095,0
2096,1
2097,1
2098,1
2099,1
2100,1
2101,0
2102,1
2103,0
2104,1
2105,1
2106,1
2107,1
2108,0
2109,1
2110,1
2111,0
2112,1
2113,1
2114,1
2115,1
2116,1
2117,1
2118,0
2119,1
2120,1
2121,1
2122,0
2123,1
2124,0
2125,1
2126,0
2127,0
2128,0
2129,1
2130,0
2131,1
2132,1
2133,1
2134,1
2135,1
2136,1
2137,1
2138,0
2139,1
2140,0
2141,1
2142,1
2143,0
2144,1
2145,1
2146,1
2147,1
2148,1
2149,1
2150,1
2151,1
2152,1
2153,1
2154,1
2155,1
2156,0
2157,1
2158,1
2159,1
2160,0
2161,0
2162,1
2163,0
2164,1
2165,1
2166,1
2167,1
2168,1
2169,0
2170,0
2171,1
2172,1
2173,1
2174,0
2175,1
2176,1
2177,0
2178,1
2179,1
2180,1
2181,0
2182,1
2183,1
2184,1
2185,1
2186,1
2187,1
2188,1
2189,1
2190,1
2191,1
2192,0
2193,1
2194,1
2195,0
2196,1
2197,1
2198,1
2199,1
2200,1
2201,1
2202,0
2203,0
2204,1
2205,1
2206,1
2207,1
2208,1
2209,1
2210,1
2211,1
2212,1
2213,1
2214,1
2215,1
2216,1
2217,0
2218,0
2219,1
2220,0
2221,1
2222,1
2223,0
2224,1
2225,1
2226,0
2227,1
2228,0
2229,1
2230,1
2231,1
2232,0
2233,1
2234,0
2235,1
2236,0
2237,1
2238,1
2239,1
2240,1
2241,1
2242,0
2243,1
2244,1
2245,1
2246,1
2247,1
2248,0
2249,0
2250,0
2251,1
2252,1
2253,0
2254,1
2255,0
2256,0
2257,0
2258,1
2259,0
2260,1
2261,1
2262,1
2263,0
2264,1
2265,1
2266,1
2267,0
2268,0
2269,1
2270,1
2271,1
2272,1
2273,0
2274,0
2275,1
2276,1
2277,1
2278,1
2279,1
2280,1
2281,1
2282,1
2283,1
2284,0
2285,1
2286,1
2287,0
2288,1
2289,1
2290,1
2291,1
2292,1
2293,1
2294,1
2295,0
2296,1
2297,1
2298,0
2299,1
2300,0
2301,1
2302,1
2303,1
2304,1
2305,1
2306,1
2307,1
2308,0
2309,1
2310,0
2311,1
2312,1
2313,1
2314,1
2315,1
2316,1
2317,0
2318,1
2319,1
2320,1
2321,0
2322,1
2323,1
2324,1
2325,1
2326,1
2327,0
2328,1
2329,0
2330,1
2331,1
2332,1
2333,1
2334,0
2335,0
2336,1
2337,1
2338,0
2339,1
2340,1
2341,1
2342,1
2343,1
2344,0
2345,1
2346,0
2347,0
2348,0
2349,1
2350,1
2351,1
2352,1
2353,1
2354,1
2355,1
2356,1
2357,1
2358,0
2359,1
2360,0
2361,1
2362,0
2363,1
2364,1
2365,1
2366,0
2367,0
2368,1
2369,1
2370,1
2371,1
2372,1
2373,1
2374,0
2375,0
2376,1
2377,0
2378,1
2379,1
2380,1
2381,1
2382,1
2383,1
2384,1
2385,1
2386,1
2387,1
2388,0
2389,0
2390,1
2391,0
2392,0
2393,1
2394,1
2395,0
2396,1
2397,1
2398,1
2399,1
2400,1
2401,0
2402,1
2403,0
2404,1
2405,1
2406,0
2407,1
2408,1
2409,1
2410,0
2411,0
2412,0
2413,1
2414,1
2415,1
2416,0
2417,0
2418,1
2419,1
2420,0
2421,1
2422,1
2423,0
2424,1
2425,1
2426,1
2427,0
2428,1
2429,1
2430,1
2431,1
2432,1
2433,1
2434,1
2435,1
2436,0
2437,1
2438,1
2439,1
2440,1
2441,1
2442,0
2443,1
2444,0
2445,1
2446,0
2447,0
2448,1
2449,1
2450,1
2451,1
2452,0
2453,0
2454,0
2455,1
2456,1
2457,1
2458,1
2459,1
2460,1
2461,1
2462,0
2463,1
2464,1
2465,1
2466,1
2467,1
2468,1
2469,1
2470,1
2471,0
2472,1
2473,1
2474,0
2475,0
2476,0
2477,1
2478,0
2479,1
2480,1
2481,1
2482,1
2483,1
2484,1
2485,1
2486,0
2487,1
2488,1
2489,0
2490,1
2491,0
2492,1
2493,1
2494,0
2495,1
2496,1
2497,1
2498,0
2499,1
2500,0
2501,0
2502,0
2503,1
2504,1
2505,1
2506,0
2507,1
2508,1
2509,1
2510,0
2511,0
2512,0
2513,1
2514,1
2515,0
2516,1
2517,0
2518,1
2519,1
2520,1
2521,0
2522,0
2523,1
2524,1
2525,0
2526,1
2527,1
2528,1
2529,1
2530,0
2531,1
2532,1
2533,1
2534,0
2535,0
2536,1
2537,1
2538,0
2539,1
2540,0
2541,1
2542,1
2543,1
2544,1
2545,1
2546,1
2547,0
2548,0
2549,1
2550,0
2551,1
2552,0
2553,1
2554,1
2555,1
2556,1
2557,1
2558,1
2559,0
2560,0
2561,1
2562,1
2563,0
2564,1
2565,1
2566,1
2567,1
2568,1
2569,1
2570,1
2571,1
2572,0
2573,1
2574,1
2575,1
2576,1
2577,1
2578,0
2579,1
2580,1
2581,0
2582,0
2583,0
2584,1
2585,1
2586,0
2587,1
2588,1
2589,0
2590,1
2591,1
2592,1
2593,0
2594,0
2595,1
2596,1
2597,1
2598,1
2599,1
2600,1
2601,1
2602,1
2603,1
2604,0
2605,0
2606,0
2607,0
2608,1
2609,1
2610,1
2611,1
2612,1
2613,1
2614,1
2615,1
2616,1
2617,0
2618,1
2619,1
2620,1
2621,0
2622,1
2623,0
2624,0
2625,1
2626,1
2627,1
2628,0
2629,1
2630,0
2631,1
2632,1
2633,1
2634,1
2635,1
2636,1
2637,0
2638,0
2639,1
2640,1
2641,1
2642,0
2643,1
2644,0
2645,1
2646,1
2647,1
2648,1
2649,0
2650,1
2651,1
2652,0
2653,0
2654,0
2655,1
2656,1
2657,0
2658,0
2659,1
2660,1
2661,1
2662,1
2663,1
2664,0
2665,1
2666,0
2667,1
2668,1
2669,0
2670,1
2671,1
2672,1
2673,0
2674,1
2675,1
2676,1
2677,1
2678,0
2679,1
2680,0
2681,1
2682,0
2683,1
2684,1
2685,1
2686,1
2687,0
2688,1
2689,1
2690,0
2691,1
2692,1
2693,0
2694,0
2695,1
2696,1
2697,1
2698,1
2699,1
2700,1
2701,1
2702,0
2703,1
2704,1
2705,0
2706,1
2707,0
2708,0
2709,0
2710,0
2711,1
2712,1
2713,1
2714,1
2715,1
2716,0
2717,1
2718,1
2719,1
2720,0
2721,1
2722,1
2723,1
2724,0
2725,0
2726,1
2727,0
2728,1
2729,1
2730,1
2731,1
2732,0
2733,1
2734,1
2735,0
2736,1
2737,1
2738,0
2739,1
2740,0
2741,0
2742,1
2743,0
2744,1
2745,0
2746,0
2747,1
2748,1
2749,1
2750,0
2751,1
2752,1
2753,0
2754,1
2755,1
2756,1
2757,1
2758,0
2759,1
2760,1
2761,1
2762,1
2763,1
2764,1
2765,0
2766,1
2767,0
2768,1
2769,1
2770,1
2771,0
2772,1
2773,0
2774,1
2775,0
2776,0
2777,1
2778,1
2779,0
2780,1
2781,1
2782,1
2783,1
2784,1
2785,1
2786,1
2787,1
2788,0
2789,1
2790,1
2791,1
2792,1
2793,1
2794,1
2795,0
2796,1
2797,0
2798,1
2799,0
2800,0
2801,1
2802,1
2803,1
2804,1
2805,1
2806,1
2807,1
2808,0
2809,1
2810,1
2811,0
2812,1
2813,0
2814,1
2815,0
2816,0
2817,1
2818,1
2819,1
2820,1
2821,1
2822,1
2823,0
2824,1
2825,1
2826,0
2827,0
2828,1
2829,1
2830,0
2831,1
2832,1
2833,0
2834,1
2835,1
2836,0
2837,1
2838,0
2839,0
2840,0
2841,0
2842,1
2843,1
2844,1
2845,0
2846,0
2847,1
2848,1
2849,0
2850,1
2851,1
2852,0
2853,0
2854,1
2855,0
2856,1
2857,1
2858,0
2859,0
2860,0
2861,0
2862,0
2863,1
2864,1
2865,0
2866,1
2867,1
2868,1
2869,1
2870,0
2871,1
2872,0
2873,0
2874,1
2875,1
2876,0
2877,1
2878,1
2879,0
2880,0
2881,0
2882,0
2883,1
2884,1
2885,1
2886,1
2887,0
2888,1
2889,0
2890,0
2891,1
2892,1
2893,0
2894,1
2895,1
2896,1
2897,1
2898,1
2899,1
2900,0
2901,1
2902,1
2903,1
2904,1
2905,1
2906,1
2907,0
2908,0
2909,1
2910,1
2911,1
2912,1
2913,1
2914,0
2915,0
2916,1
2917,0
2918,1
2919,1
2920,0
2921,1
2922,1
2923,1
2924,0
2925,0
2926,1
2927,1
2928,0
2929,0
2930,1
2931,0
2932,1
2933,1
2934,1
2935,1
2936,1
2937,1
2938,1
2939,1
2940,1
2941,0
2942,1
2943,0
2944,1
2945,1
2946,1
2947,1
2948,0
2949,1
2950,0
2951,1
2952,0
2953,1
2954,0
2955,0
2956,1
2957,0
2958,0
2959,1
2960,1
2961,1
2962,0
2963,1
2964,1
2965,0
2966,1
2967,0
2968,1
2969,1
2970,0
2971,1
2972,1
2973,1
2974,0
2975,1
2976,0
2977,1
2978,1
2979,1
2980,1
2981,1
2982,1
2983,1
2984,1
2985,1
2986,1
2987,1
2988,1
2989,0
2990,1
2991,0
2992,1
2993,1
2994,1
2995,1
2996,1
2997,1
2998,1
2999,1
3000,1
3001,0
3002,1
3003,0
3004,0
3005,1
3006,1
3007,0
3008,1
3009,1
3010,1
3011,1
3012,1
3013,1
3014,1
3015,1
3016,0
3017,0
3018,1
3019,0
3020,1
3021,1
3022,1
3023,1
3024,0
3025,1
3026,1
3027,1
3028,1
3029,1
3030,1
3031,1
3032,0
3033,1
3034,0
3035,0
3036,1
3037,0
3038,0
3039,1
3040,0
3041,1
3042,1
3043,1
3044,1
3045,1
3046,1
3047,0
3048,1
3049,0
3050,1
3051,1
3052,1
3053,1
3054,0
3055,1
3056,1
3057,1
3058,0
3059,0
3060,0
3061,1
3062,1
3063,1
3064,0
3065,1
3066,1
3067,1
3068,0
3069,1
3070,0
3071,1
3072,1
3073,0
3074,0
3075,1
3076,0
3077,1
3078,1
3079,0
3080,0
3081,1
3082,1
3083,0
3084,1
3085,0
3086,0
3087,1
3088,1
3089,0
3090,0
3091,1
3092,1
3093,1
3094,1
3095,0
3096,0
3097,0
3098,0
3099,1
3100,1
3101,1
3102,1
3103,0
3104,1
3105,1
3106,1
3107,1
3108,0
3109,1
3110,1
3111,0
3112,1
3113,1
3114,1
3115,0
3116,0
3117,0
3118,0
3119,1
3120,1
3121,0
3122,0
3123,1
3124,0
3125,0
3126,0
3127,1
3128,1
3129,1
3130,1
3131,1
3132,1
3133,1
3134,1
3135,0
3136,1
3137,1
3138,1
3139,1
3140,1
3141,1
3142,1
3143,0
3144,1
3145,1
3146,1
3147,1
3148,0
3149,0
3150,1
3151,1
3152,1
3153,0
3154,1
3155,0
3156,1
3157,1
3158,1
3159,1
3160,1
3161,1
3162,1
3163,0
3164,1
3165,1
3166,0
3167,0
3168,0
3169,0
3170,0
3171,0
3172,1
3173,1
3174,1
3175,1
3176,1
3177,1
3178,1
3179,0
3180,1
3181,1
3182,1
3183,0
3184,1
3185,1
3186,1
3187,1
3188,0
3189,1
3190,1
3191,0
3192,1
3193,0
3194,1
3195,1
3196,0
3197,1
3198,1
3199,1
3200,1
3201,1
3202,0
3203,1
3204,0
3205,0
3206,0
3207,1
3208,1
3209,1
3210,1
3211,1
3212,1
3213,1
3214,1
3215,0
3216,1
3217,1
3218,1
3219,1
3220,1
3221,1
3222,0
3223,1
3224,0
3225,1
3226,1
3227,1
3228,1
3229,0
3230,0
3231,1
3232,1
3233,0
3234,0
3235,1
3236,0
3237,0
3238,1
3239,0
3240,1
3241,0
3242,1
3243,1
3244,1
3245,1
3246,0
3247,1
3248,1
3249,1
3250,1
3251,1
3252,1
3253,1
3254,0
3255,1
3256,1
3257,0
3258,1
3259,1
3260,1
3261,1
3262,1
3263,1
3264,1
3265,1
3266,0
3267,1
3268,0
3269,0
3270,1
3271,1
3272,0
3273,1
3274,1
3275,1
3276,1
3277,0
3278,1
3279,0
3280,0
3281,0
3282,1
3283,1
3284,1
3285,0
3286,1
3287,1
3288,0
3289,1
3290,0
3291,0
3292,1
3293,0
3294,1
3295,1
3296,1
3297,0
3298,1
3299,0
3300,1
3301,0
3302,0
3303,0
3304,1
3305,1
3306,1
3307,1
3308,0
3309,1
3310,0
3311,1
3312,1
3313,0
3314,1
3315,0
3316,0
3317,0
3318,1
3319,1
3320,1
3321,1
3322,1
3323,1
3324,1
3325,1
3326,0
3327,0
3328,1
3329,0
3330,1
3331,1
3332,0
3333,0
3334,0
3335,1
3336,1
3337,1
3338,0
3339,1
3340,0
3341,1
3342,0
3343,0
3344,0
3345,1
3346,1
3347,0
3348,1
3349,0
3350,1
3351,1
3352,0
3353,0
3354,1
3355,0
3356,1
3357,1
3358,0
3359,0
3360,1
3361,1
3362,0
3363,0
3364,1
3365,0
3366,0
3367,0
3368,1
3369,1
3370,0
3371,1
3372,1
3373,0
3374,1
3375,0
3376,1
3377,1
3378,1
3379,1
3380,1
3381,0
3382,0
3383,0
3384,0
3385,1
3386,1
3387,1
3388,0
3389,0
3390,1
3391,0
3392,1
3393,0
3394,1
3395,0
3396,0
3397,1
3398,1
3399,0
3400,1
3401,1
3402,0
3403,0
3404,1
3405,1
3406,1
3407,1
3408,0
3409,0
3410,1
3411,0
3412,1
3413,0
3414,0
3415,1
3416,1
3417,1
3418,0
3419,1
3420,0
3421,1
3422,1
3423,0
3424,1
3425,1
3426,1
3427,0
3428,1
3429,1
3430,1
3431,0
3432,1
3433,1
3434,0
3435,0
3436,1
3437,1
3438,0
3439,1
3440,1
3441,0
3442,1
3443,1
3444,0
3445,1
3446,1
3447,1
3448,1
3449,1
3450,0
3451,1
3452,0
3453,0
3454,1
3455,1
3456,1
3457,0
3458,0
3459,0
3460,1
3461,0
3462,0
3463,0
3464,0
3465,0
3466,1
3467,0
3468,1
3469,1
3470,1
3471,0
3472,1
3473,1
3474,0
3475,1
3476,0
3477,0
3478,0
3479,1
3480,1
3481,0
3482,1
3483,1
3484,0
3485,0
3486,1
3487,0
3488,1
3489,1
3490,1
3491,1
3492,0
3493,1
3494,0
3495,1
3496,1
3497,0
3498,1
3499,1
3500,0
3501,0
3502,1
3503,1
3504,1
3505,0
3506,0
3507,0
3508,1
3509,0
3510,1
3511,1
3512,1
3513,1
3514,0
3515,1
3516,1
3517,1
3518,1
3519,1
3520,1
3521,0
3522,0
3523,1
3524,0
3525,0
3526,0
3527,1
3528,0
3529,0
3530,1
3531,1
3532,1
3533,1
3534,0
3535,0
3536,1
3537,1
3538,0
3539,1
3540,1
3541,1
3542,1
3543,1
3544,1
3545,1
3546,0
3547,1
3548,1
3549,0
3550,1
3551,0
3552,1
3553,1
3554,1
3555,0
3556,0
3557,1
3558,0
3559,1
3560,0
3561,1
3562,1
3563,1
3564,1
3565,1
3566,1
3567,0
3568,1
3569,0
3570,1
3571,1
3572,1
3573,0
3574,1
3575,1
3576,1
3577,0
3578,1
3579,0
3580,0
3581,1
3582,0
3583,0
3584,0
3585,0
3586,0
3587,1
3588,0
3589,1
3590,1
3591,1
3592,1
3593,0
3594,1
3595,1
3596,0
3597,0
3598,0
3599,1
3600,1
3601,1
3602,1
3603,1
3604,1
3605,1
3606,0
3607,1
3608,1
3609,1
3610,1
3611,0
3612,1
3613,1
3614,0
3615,1
3616,1
3617,1
3618,1
3619,1
3620,1
3621,1
3622,1
3623,1
3624,1
3625,1
3626,1
3627,1
3628,1
3629,1
3630,1
3631,1
3632,0
3633,1
3634,1
3635,1
3636,0
3637,1
3638,1
3639,1
3640,1
3641,1
3642,0
3643,0
3644,1
3645,1
3646,1
3647,1
3648,1
3649,1
3650,1
3651,1
3652,0
3653,0
3654,1
3655,1
3656,1
3657,1
3658,1
3659,0
3660,0
3661,1
3662,1
3663,1
3664,1
3665,1
3666,0
3667,0
3668,1
3669,1
3670,1
3671,0
3672,1
3673,0
3674,0
3675,1
3676,1
3677,1
3678,0
3679,0
3680,1
3681,1
3682,1
3683,1
3684,0
3685,1
3686,1
3687,0
3688,1
3689,0
3690,1
3691,1
3692,1
3693,0
3694,0
3695,1
3696,0
3697,1
3698,1
3699,0
3700,1
3701,1
3702,1
3703,1
3704,1
3705,0
3706,0
3707,1
3708,0
3709,0
3710,0
3711,1
3712,0
3713,1
3714,0
3715,1
3716,0
3717,1
3718,1
3719,1
3720,0
3721,1
3722,1
3723,1
3724,1
3725,1
3726,1
3727,1
3728,0
3729,1
3730,0
3731,0
3732,1
3733,1
3734,1
3735,1
3736,1
3737,0
3738,0
3739,1
3740,0
3741,1
3742,1
3743,1
3744,1
3745,0
3746,1
3747,0
3748,1
3749,0
3750,1
3751,0
3752,0
3753,1
3754,1
3755,1
3756,1
3757,1
3758,1
3759,0
3760,1
3761,1
3762,0
3763,0
3764,0
3765,1
3766,1
3767,0
3768,0
3769,1
3770,1
3771,1
3772,1
3773,1
3774,1
3775,0
3776,0
3777,1
3778,0
3779,1
3780,1
3781,0
3782,1
3783,0
3784,0
3785,1
3786,1
3787,0
3788,0
3789,1
3790,0
3791,1
3792,0
3793,0
3794,0
3795,1
3796,1
3797,0
3798,1
3799,0
3800,0
3801,0
3802,1
3803,1
3804,1
3805,1
3806,0
3807,1
3808,0
3809,1
3810,1
3811,0
3812,0
3813,0
3814,0
3815,1
3816,0
3817,1
3818,0
3819,0
3820,0
3821,1
3822,0
3823,1
3824,1
3825,1
3826,1
3827,1
3828,1
3829,0
3830,1
3831,1
3832,1
3833,0
3834,0
3835,0
3836,1
3837,1
3838,1
3839,1
3840,1
3841,1
3842,1
3843,0
3844,1
3845,1
3846,1
3847,1
3848,0
3849,0
3850,1
3851,1
3852,1
3853,1
3854,1
3855,0
3856,1
3857,1
3858,0
3859,1
3860,0
3861,1
3862,0
3863,1
3864,1
3865,1
3866,0
3867,1
3868,1
3869,1
3870,1
3871,0
3872,1
3873,0
3874,1
3875,0
3876,1
3877,1
3878,1
3879,1
3880,1
3881,1
3882,1
3883,1
3884,0
3885,0
3886,0
3887,0
3888,1
3889,0
3890,1
3891,1
3892,0
3893,1
3894,1
3895,0
3896,1
3897,1
3898,1
3899,1
3900,0
3901,1
3902,1
3903,1
3904,1
3905,0
3906,0
3907,0
3908,1
3909,1
3910,1
3911,1
3912,1
3913,1
3914,1
3915,1
3916,1
3917,0
3918,1
3919,0
3920,0
3921,1
3922,0
3923,1
3924,1
3925,0
3926,1
3927,1
3928,0
3929,0
3930,1
3931,1
3932,1
3933,1
3934,0
3935,1
3936,0
3937,0
3938,1
3939,1
3940,1
3941,1
3942,1
3943,1
3944,1
3945,1
3946,0
3947,1
3948,1
3949,0
3950,1
3951,1
3952,0
3953,1
3954,1
3955,0
3956,1
3957,0
3958,1
3959,1
3960,1
3961,1
3962,0
3963,1
3964,1
3965,1
3966,1
3967,1
3968,1
3969,0
3970,1
3971,0
3972,0
3973,1
3974,0
3975,1
3976,1
3977,0
3978,1
3979,0
3980,1
3981,1
3982,0
3983,1
3984,1
3985,1
3986,1
3987,1
3988,1
3989,1
3990,1
3991,0
3992,1
3993,1
3994,1
3995,1
3996,1
3997,1
3998,0
3999,1
4000,1
4001,1
4002,1
4003,1
4004,0
4005,0
4006,1
4007,1
4008,1
4009,0
4010,1
4011,1
4012,1
4013,0
4014,0
4015,1
4016,1
4017,1
4018,1
4019,0
4020,1
4021,0
4022,1
4023,0
4024,1
4025,0
4026,0
4027,1
4028,0
4029,1
4030,1
4031,0
4032,1
4033,1
4034,1
4035,1
4036,0
4037,0
4038,1
4039,1
4040,0
4041,1
4042,1
4043,1
4044,1
4045,1
4046,1
4047,1
4048,1
4049,1
4050,1
4051,0
4052,1
4053,1
4054,0
4055,1
4056,0
4057,1
4058,0
4059,0
4060,0
4061,1
4062,0
4063,1
4064,1
4065,1
4066,1
4067,0
4068,0
4069,0
4070,1
4071,1
4072,1
4073,0
4074,1
4075,1
4076,1
4077,1
4078,1
4079,0
4080,1
4081,1
4082,1
4083,1
4084,1
4085,0
4086,1
4087,0
4088,1
4089,1
4090,1
4091,0
4092,1
4093,0
4094,0
4095,0
4096,1
4097,1
4098,1
4099,1
4100,1
4101,1
4102,1
4103,1
4104,1
4105,0
4106,1
4107,1
4108,1
4109,1
4110,1
4111,0
4112,1
4113,1
4114,1
4115,1
4116,0
4117,0
4118,1
4119,0
4120,0
4121,1
4122,0
4123,1
4124,0
4125,0
4126,1
4127,0
4128,1
4129,1
4130,1
4131,1
4132,1
4133,1
4134,0
4135,1
4136,0
4137,1
4138,1
4139,1
4140,1
4141,0
4142,0
4143,1
4144,0
4145,1
4146,1
4147,1
4148,1
4149,1
4150,0
4151,1
4152,1
4153,1
4154,0
4155,0
4156,0
4157,0
4158,1
4159,0
4160,1
4161,1
4162,1
4163,0
4164,0
4165,0
4166,0
4167,1
4168,1
4169,1
4170,0
4171,0
4172,1
4173,1
4174,1
4175,1
4176,0
4177,1
4178,1
4179,0
4180,1
4181,1
4182,1
4183,1
4184,1
4185,1
4186,1
4187,1
4188,0
4189,0
4190,1
4191,1
4192,1
4193,1
4194,0
4195,1
4196,1
4197,0
4198,1
4199,1
4200,1
4201,0
4202,0
4203,1
4204,0
4205,1
4206,0
4207,1
4208,1
4209,0
4210,1
4211,0
4212,1
4213,1
4214,1
4215,1
4216,1
4217,0
4218,1
4219,1
4220,1
4221,0
4222,0
4223,1
4224,1
4225,0
4226,1
4227,1
4228,0
4229,1
4230,1
4231,0
4232,0
4233,1
4234,1
4235,1
4236,1
4237,1
4238,0
4239,1
4240,1
4241,1
4242,1
4243,0
4244,1
4245,1
4246,1
4247,1
4248,1
4249,1
4250,1
4251,1
4252,1
4253,1
4254,1
4255,1
4256,1
4257,1
4258,0
4259,0
4260,1
4261,1
4262,1
4263,0
4264,1
4265,1
4266,1
4267,1
4268,1
4269,1
4270,1
4271,0
4272,1
4273,0
4274,1
4275,1
4276,1
4277,1
4278,0
4279,1
4280,1
4281,1
4282,0
4283,1
4284,1
4285,0
4286,1
4287,1
4288,0
4289,0
4290,1
4291,1
4292,0
4293,1
4294,1
4295,0
4296,0
4297,1
4298,1
4299,0
4300,1
4301,0
4302,0
4303,0
4304,1
4305,1
4306,0
4307,1
4308,1
4309,1
4310,1
4311,1
4312,1
4313,1
4314,1
4315,0
4316,0
4317,1
4318,0
4319,0
4320,1
4321,1
4322,1
4323,1
4324,0
4325,1
4326,0
4327,1
4328,0
4329,0
4330,1
4331,1
4332,0
4333,1
4334,0
4335,1
4336,1
4337,1
4338,1
4339,1
4340,1
4341,1
4342,1
4343,1
4344,0
4345,0
4346,0
4347,1
4348,1
4349,1
4350,1
4351,1
4352,1
4353,1
4354,0
4355,1
4356,1
4357,1
4358,1
4359,1
4360,0
4361,1
4362,1
4363,1
4364,0
4365,1
4366,1
4367,0
4368,1
4369,1
4370,0
4371,1
4372,0
4373,1
4374,1
4375,1
4376,1
4377,1
4378,0
4379,0
4380,1
4381,1
4382,1
4383,1
4384,0
4385,1
4386,1
4387,0
4388,1
4389,1
4390,0
4391,0
4392,0
4393,0
4394,1
4395,1
4396,1
4397,1
4398,1
4399,0
4400,1
4401,1
4402,1
4403,1
4404,1
4405,1
4406,0
4407,1
4408,0
4409,1
4410,1
4411,1
4412,1
4413,1
4414,1
4415,0
4416,0
4417,0
4418,0
4419,1
4420,1
4421,1
4422,0
4423,1
4424,1
4425,1
4426,1
4427,1
4428,1
4429,0
4430,1
4431,0
4432,0
4433,0
4434,0
4435,1
4436,1
4437,1
4438,1
4439,0
4440,1
4441,1
4442,1
4443,1
4444,1
4445,1
4446,1
4447,1
4448,0
4449,1
4450,1
4451,1
4452,0
4453,0
4454,1
4455,1
4456,1
4457,1
4458,1
4459,1
4460,1
4461,1
4462,1
4463,1
4464,0
4465,0
4466,1
4467,0
4468,1
4469,0
4470,1
4471,0
4472,1
4473,1
4474,1
4475,1
4476,1
4477,1
4478,0
4479,0
4480,1
4481,1
4482,0
4483,1
4484,0
4485,0
4486,1
4487,1
4488,1
4489,1
4490,0
4491,0
4492,1
4493,1
4494,0
4495,0
4496,0
4497,0
4498,1
4499,0
4500,0
4501,0
4502,1
4503,1
4504,1
4505,1
4506,0
4507,0
4508,1
4509,0
4510,1
4511,1
4512,1
4513,0
4514,1
4515,0
4516,1
4517,1
4518,1
4519,1
4520,1
4521,1
4522,1
4523,0
4524,0
4525,0
4526,1
4527,1
4528,0
4529,1
4530,0
4531,0
4532,1
4533,1
4534,1
4535,1
4536,0
4537,1
4538,0
4539,1
4540,0
4541,0
4542,1
4543,1
4544,1
4545,1
4546,1
4547,0
4548,1
4549,0
4550,1
4551,1
4552,1
4553,0
4554,0
4555,1
4556,1
4557,1
4558,1
4559,1
4560,1
4561,0
4562,0
4563,1
4564,1
4565,1
4566,0
4567,0
4568,1
4569,1
4570,1
4571,0
4572,1
4573,1
4574,1
4575,0
4576,1
4577,0
4578,1
4579,0
4580,0
4581,0
4582,1
4583,1
4584,1
4585,0
4586,1
4587,0
4588,1
4589,1
4590,0
4591,0
4592,0
4593,0
4594,1
4595,1
4596,1
4597,1
4598,1
4599,0
4600,1
4601,1
4602,1
4603,1
4604,0
4605,1
4606,0
4607,0
4608,1
4609,1
4610,1
4611,1
4612,1
4613,0
4614,1
4615,1
4616,1
4617,1
4618,0
4619,0
4620,1
4621,1
4622,1
4623,1
4624,0
4625,0
4626,1
4627,1
4628,1
4629,0
4630,1
4631,0
4632,1
4633,1
4634,0
4635,1
4636,1
4637,0
4638,1
4639,0
4640,1
4641,0
4642,0
4643,0
4644,0
4645,1
4646,1
4647,1
4648,0
4649,1
4650,1
4651,1
4652,1
4653,1
4654,0
4655,0
4656,1
4657,1
4658,1
4659,0
4660,1
4661,1
4662,1
4663,0
4664,1
4665,1
4666,1
4667,1
4668,1
4669,0
4670,1
4671,0
4672,0
4673,0
4674,1
4675,1
4676,1
4677,0
4678,1
4679,0
4680,1
4681,0
4682,1
4683,0
4684,1
4685,1
4686,1
4687,1
4688,0
4689,1
4690,1
4691,1
4692,1
4693,1
4694,1
4695,1
4696,0
4697,1
4698,1
4699,1
4700,1
4701,1
4702,0
4703,0
4704,1
4705,1
4706,1
4707,0
4708,1
4709,1
4710,1
4711,1
4712,1
4713,0
4714,1
4715,1
4716,1
4717,0
4718,1
4719,1
4720,0
4721,1
4722,1
4723,1
4724,1
4725,0
4726,1
4727,1
4728,1
4729,0
4730,1
4731,1
4732,1
4733,1
4734,1
4735,0
4736,1
4737,1
4738,1
4739,1
4740,0
4741,1
4742,0
4743,1
4744,0
4745,0
4746,1
4747,1
4748,1
4749,1
4750,1
4751,1
4752,0
4753,1
4754,1
4755,1
4756,1
4757,1
4758,0
4759,1
4760,1
4761,1
4762,0
4763,0
4764,0
4765,1
4766,1
4767,0
4768,0
4769,1
4770,1
4771,0
4772,0
4773,1
4774,0
4775,1
4776,1
4777,1
4778,1
4779,0
4780,0
4781,0
4782,1
4783,1
4784,0
4785,1
4786,1
4787,0
4788,1
4789,0
4790,1
4791,1
4792,0
4793,1
4794,0
4795,0
4796,1
4797,1
4798,0
4799,0
4800,1
4801,1
4802,1
4803,1
4804,1
4805,1
4806,1
4807,1
4808,1
4809,1
4810,1
4811,0
4812,1
4813,1
4814,0
4815,1
4816,0
4817,0
4818,0
4819,1
4820,1
4821,1
4822,1
4823,0
4824,1
4825,1
4826,1
4827,0
4828,1
4829,1
4830,1
4831,0
4832,0
4833,0
4834,1
4835,1
4836,0
4837,1
4838,0
4839,0
4840,0
4841,1
4842,1
4843,1
4844,0
4845,1
4846,1
4847,1
4848,0
4849,1
4850,1
4851,0
4852,0
4853,1
4854,1
4855,0
4856,1
4857,1
4858,0
4859,0
4860,1
4861,1
4862,1
4863,0
4864,1
4865,1
4866,0
4867,1
4868,0
4869,0
4870,1
4871,1
4872,1
4873,0
4874,1
4875,0
4876,0
4877,0
4878,1
4879,1
4880,1
4881,1
4882,0
4883,1
4884,1
4885,1
4886,1
4887,0
4888,1
4889,1
4890,0
4891,1
4892,0
4893,0
4894,1
4895,1
4896,0
4897,1
4898,1
4899,0
4900,0
4901,1
4902,0
4903,0
4904,1
4905,1
4906,0
4907,0
4908,1
4909,1
4910,0
4911,0
4912,0
4913,1
4914,1
4915,1
4916,0
4917,1
4918,0
4919,1
4920,0
4921,1
4922,1
4923,0
4924,0
4925,1
4926,1
4927,1
4928,0
4929,1
4930,1
4931,1
4932,1
4933,1
4934,1
4935,1
4936,1
4937,1
4938,0
4939,1
4940,1
4941,0
4942,0
4943,1
4944,0
4945,1
4946,1
4947,0
4948,1
4949,1
4950,1
4951,0
4952,1
4953,1
4954,1
4955,1
4956,1
4957,0
4958,0
4959,0
4960,0
4961,1
4962,1
4963,1
4964,0
4965,1
4966,1
4967,1
4968,0
4969,1
4970,1
4971,0
4972,1
4973,1
4974,1
4975,1
4976,1
4977,1
4978,0
4979,1
4980,1
4981,0
4982,1
4983,1
4984,0
4985,1
4986,1
4987,0
4988,0
4989,1
4990,1
4991,1
4992,0
4993,1
4994,1
4995,1
4996,0
4997,1
4998,1
4999,0
5000,1
5001,0
5002,0
5003,1
5004,1
5005,1
5006,1
5007,0
5008,1
5009,1
5010,1
5011,1
5012,0
5013,0
5014,0
5015,1
5016,1
5017,1
5018,1
5019,1
5020,0
5021,1
5022,0
5023,0
5024,0
5025,1
5026,1
5027,1
5028,1
5029,1
5030,1
5031,1
5032,0
5033,0
5034,0
5035,1
5036,1
5037,1
5038,1
5039,1
5040,1
5041,0
5042,1
5043,1
5044,1
5045,0
5046,1
5047,0
5048,1
5049,1
5050,1
5051,0
5052,1
5053,1
5054,0
5055,0
5056,0
5057,1
5058,1
5059,1
5060,0
5061,0
5062,1
5063,1
5064,0
5065,1
5066,1
5067,1
5068,1
5069,0
5070,1
5071,0
5072,0
5073,0
5074,1
5075,1
5076,1
5077,0
5078,1
5079,1
5080,1
5081,0
5082,1
5083,0
5084,1
5085,1
5086,1
5087,1
5088,1
5089,1
5090,1
5091,1
5092,0
5093,0
5094,1
5095,1
5096,0
5097,1
5098,1
5099,1
5100,0
5101,1
5102,1
5103,1
5104,1
5105,1
5106,1
5107,1
5108,0
5109,1
5110,0
5111,1
5112,1
5113,0
5114,1
5115,0
5116,0
5117,0
5118,1
5119,0
5120,1
5121,0
5122,0
5123,1
5124,1
5125,0
5126,0
5127,1
5128,1
5129,1
5130,1
5131,1
5132,1
5133,1
5134,1
5135,0
5136,1
5137,0
5138,1
5139,1
5140,1
5141,0
5142,1
5143,0
5144,1
5145,1
5146,0
5147,1
5148,0
5149,1
5150,1
5151,1
5152,1
5153,1
5154,0
5155,1
5156,1
5157,1
5158,1
5159,1
5160,1
5161,1
5162,0
5163,1
5164,0
5165,0
5166,1
5167,0
5168,1
5169,1
5170,0
5171,1
5172,1
5173,1
5174,0
5175,1
5176,1
5177,1
5178,0
5179,0
5180,1
5181,0
5182,0
5183,1
5184,1
5185,1
5186,1
5187,1
5188,0
5189,0
5190,1
5191,1
5192,0
5193,1
5194,0
5195,1
5196,1
5197,1
5198,1
5199,1
5200,0
5201,0
5202,1
5203,1
5204,0
5205,0
5206,1
5207,0
5208,1
5209,0
5210,1
5211,1
5212,1
5213,0
5214,1
5215,0
5216,1
5217,1
5218,1
5219,0
5220,1
5221,1
5222,1
5223,1
5224,1
5225,1
5226,0
5227,0
5228,1
5229,0
5230,0
5231,0
5232,1
5233,1
5234,0
5235,1
5236,0
5237,1
5238,1
5239,1
5240,1
5241,1
5242,1
5243,1
5244,0
5245,1
5246,0
5247,0
5248,0
5249,1
5250,1
5251,1
5252,0
5253,1
5254,1
5255,1
5256,0
5257,0
5258,1
5259,1
5260,1
5261,1
5262,1
5263,0
5264,1
5265,1
5266,1
5267,1
5268,0
5269,0
5270,1
5271,1
5272,1
5273,0
5274,1
5275,1
5276,0
5277,1
5278,0
5279,0
5280,1
5281,1
5282,0
5283,1
5284,1
5285,0
5286,1
5287,1
5288,0
5289,1
5290,1
5291,1
5292,1
5293,1
5294,1
5295,1
5296,1
5297,1
5298,0
5299,1
5300,0
5301,1
5302,1
5303,0
5304,1
5305,0
5306,0
5307,1
5308,0
5309,1
5310,0
5311,1
5312,1
5313,1
5314,0
5315,0
5316,1
5317,1
5318,1
5319,1
5320,1
5321,1
5322,1
5323,0
5324,1
5325,0
5326,1
5327,1
5328,1
5329,1
5330,0
5331,1
5332,1
5333,1
5334,0
5335,1
5336,1
5337,1
5338,0
5339,0
5340,1
5341,1
5342,1
5343,0
5344,1
5345,1
5346,0
5347,1
5348,1
5349,1
5350,1
5351,1
5352,1
5353,1
5354,0
5355,0
5356,1
5357,1
5358,0
5359,1
5360,1
5361,1
5362,1
5363,1
5364,0
5365,0
5366,1
5367,1
5368,1
5369,1
5370,1
5371,1
5372,1
5373,1
5374,1
5375,1
5376,1
5377,1
5378,1
5379,1
5380,1
5381,0
5382,0
5383,0
5384,0
5385,1
5386,1
5387,1
5388,1
5389,0
5390,0
5391,0
5392,1
5393,1
5394,1
5395,0
5396,0
5397,1
5398,0
5399,1
5400,0
5401,0
5402,1
5403,1
5404,1
5405,0
5406,1
5407,1
5408,1
5409,1
5410,1
5411,0
5412,1
5413,1
5414,0
5415,0
5416,1
5417,0
5418,0
5419,0
5420,0
5421,1
5422,1
5423,1
5424,1
5425,1
5426,1
5427,1
5428,1
5429,1
5430,0
5431,0
5432,1
5433,1
5434,1
5435,1
5436,0
5437,0
5438,1
5439,0
5440,1
5441,1
5442,1
5443,0
5444,0
5445,1
5446,1
5447,1
5448,1
5449,0
5450,1
5451,0
5452,1
5453,0
5454,0
5455,1
5456,1
5457,0
5458,1
5459,1
5460,1
5461,0
5462,1
5463,0
5464,0
5465,0
5466,0
5467,0
5468,1
5469,1
5470,0
5471,0
5472,0
5473,1
5474,0
5475,1
5476,0
5477,0
5478,1
5479,1
5480,1
5481,0
5482,1
5483,0
5484,1
5485,0
5486,1
5487,1
5488,1
5489,0
5490,1
5491,1
5492,1
5493,1
5494,1
5495,1
5496,0
5497,0
5498,1
5499,0
5500,1
5501,0
5502,1
5503,1
5504,0
5505,1
5506,1
5507,1
5508,1
5509,0
5510,1
5511,0
5512,0
5513,1
5514,1
5515,1
5516,1
5517,1
5518,0
5519,1
5520,1
5521,0
5522,1
5523,1
5524,1
5525,1
5526,1
5527,1
5528,1
5529,1
5530,0
5531,0
5532,1
5533,0
5534,0
5535,0
5536,0
5537,1
5538,1
5539,1
5540,0
5541,0
5542,0
5543,0
5544,1
5545,0
5546,0
5547,1
5548,1
5549,1
5550,0
5551,0
5552,1
5553,0
5554,1
5555,0
5556,1
5557,1
5558,1
5559,0
5560,1
5561,1
5562,1
5563,1
5564,0
5565,0
5566,0
5567,0
5568,1
5569,1
5570,1
5571,0
5572,1
5573,1
5574,1
5575,0
5576,1
5577,1
5578,1
5579,0
5580,0
5581,1
5582,0
5583,1
5584,1
5585,0
5586,1
5587,1
5588,0
5589,0
5590,0
5591,1
5592,1
5593,1
5594,0
5595,1
5596,0
5597,0
5598,1
5599,0
5600,0
5601,1
5602,1
5603,1
5604,1
5605,1
5606,1
5607,0
5608,0
5609,1
5610,1
5611,0
5612,1
5613,1
5614,1
5615,0
5616,1
5617,1
5618,1
5619,0
5620,1
5621,0
5622,1
5623,1
5624,0
5625,1
5626,1
5627,1
5628,0
5629,1
5630,1
5631,0
5632,0
5633,1
5634,0
5635,1
5636,1
5637,1
5638,1
5639,1
5640,1
5641,1
5642,1
5643,1
5644,1
5645,1
5646,0
5647,1
5648,1
5649,1
5650,0
5651,0
5652,1
5653,1
5654,1
5655,1
5656,1
5657,1
5658,1
5659,1
5660,1
5661,0
5662,1
5663,1
5664,1
5665,0
5666,1
5667,1
5668,1
5669,1
5670,1
5671,1
5672,1
5673,1
5674,1
5675,0
5676,0
5677,0
5678,1
5679,1
5680,0
5681,1
5682,1
5683,1
5684,1
5685,1
5686,0
5687,1
5688,1
5689,0
5690,0
5691,1
5692,1
5693,0
5694,1
5695,1
5696,0
5697,1
5698,1
5699,1
5700,0
5701,1
5702,1
5703,1
5704,1
5705,0
5706,1
5707,1
5708,0
5709,0
5710,0
5711,0
5712,1
5713,1
5714,0
5715,1
5716,0
5717,0
5718,1
5719,0
5720,1
5721,0
5722,1
5723,1
5724,0
5725,1
5726,0
5727,0
5728,0
5729,1
5730,1
5731,1
5732,1
5733,1
5734,0
5735,1
5736,1
5737,0
5738,1
5739,1
5740,1
5741,0
5742,1
5743,1
5744,1
5745,1
5746,0
5747,1
5748,0
5749,1
5750,0
5751,1
5752,1
5753,0
5754,0
5755,1
5756,1
5757,0
5758,1
5759,1
5760,0
5761,0
5762,1
5763,1
5764,0
5765,1
5766,1
5767,1
5768,0
5769,1
5770,1
5771,0
5772,0
5773,1
5774,0
5775,1
5776,0
5777,1
5778,0
5779,1
5780,1
5781,0
5782,1
5783,1
5784,0
5785,1
5786,1
5787,0
5788,1
5789,1
5790,1
5791,0
5792,0
5793,0
5794,1
5795,0
5796,1
5797,1
5798,1
5799,0
5800,1
5801,1
5802,1
5803,1
5804,1
5805,0
5806,1
5807,1
5808,1
5809,1
5810,0
5811,1
5812,1
5813,1
5814,1
5815,0
5816,1
5817,1
5818,1
5819,1
5820,1
5821,0
5822,1
5823,1
5824,1
5825,1
5826,0
5827,1
5828,1
5829,1
5830,0
5831,0
5832,1
5833,1
5834,1
5835,0
5836,1
5837,0
5838,1
5839,1
5840,1
5841,1
5842,1
5843,1
5844,0
5845,1
5846,1
5847,1
5848,1
5849,1
5850,0
5851,0
5852,1
5853,1
5854,0
5855,1
5856,1
5857,1
5858,1
5859,1
5860,0
5861,1
5862,1
5863,1
5864,1
5865,0
5866,1
5867,1
5868,1
5869,1
5870,0
5871,1
5872,0
5873,0
5874,1
5875,1
5876,1
5877,1
5878,1
5879,1
5880,1
5881,0
5882,1
5883,1
5884,1
5885,1
5886,0
5887,1
5888,1
5889,1
5890,1
5891,1
5892,0
5893,1
5894,1
5895,0
5896,0
5897,0
5898,0
5899,0
5900,0
5901,0
5902,1
5903,0
5904,1
5905,0
5906,0
5907,1
5908,1
5909,0
5910,0
5911,0
5912,0
5913,1
5914,1
5915,1
5916,1
5917,1
5918,1
5919,0
5920,1
5921,1
5922,1
5923,0
5924,0
5925,1
5926,1
5927,0
5928,1
5929,0
5930,0
5931,0
5932,1
5933,1
5934,1
5935,1
5936,0
5937,0
5938,0
5939,0
5940,0
5941,1
5942,0
5943,0
5944,1
5945,1
5946,0
5947,1
5948,0
5949,1
5950,1
5951,0
5952,1
5953,1
5954,1
5955,1
5956,0
5957,1
5958,0
5959,0
5960,0
5961,1
5962,1
5963,1
5964,0
5965,1
5966,1
5967,1
5968,0
5969,0
5970,1
5971,0
5972,1
5973,1
5974,1
5975,1
5976,0
5977,1
5978,0
5979,1
5980,1
5981,1
5982,0
5983,1
5984,1
5985,0
5986,1
5987,1
5988,0
5989,1
5990,1
5991,1
5992,1
5993,0
5994,0
5995,1
5996,1
5997,1
5998,0
5999,1
6000,1
6001,1
6002,1
6003,1
6004,0
6005,1
6006,1
6007,1
6008,0
6009,1
6010,0
6011,0
6012,1
6013,1
6014,0
6015,1
6016,0
6017,1
6018,1
6019,0
6020,0
6021,0
6022,1
6023,0
6024,0
6025,1
6026,0
6027,0
6028,1
6029,1
6030,1
6031,1
6032,0
6033,1
6034,1
6035,0
6036,1
6037,1
6038,1
6039,0
6040,0
6041,0
6042,1
6043,1
6044,1
6045,1
6046,0
6047,1
6048,1
6049,0
6050,0
6051,1
6052,1
6053,1
6054,1
6055,1
6056,1
6057,1
6058,1
6059,1
6060,1
6061,0
6062,1
6063,0
6064,0
6065,0
6066,0
6067,0
6068,1
6069,0
6070,1
6071,0
6072,1
6073,1
6074,1
6075,1
6076,1
6077,0
6078,0
6079,1
6080,1
6081,1
6082,1
6083,0
6084,1
6085,0
6086,0
6087,1
6088,1
6089,1
6090,0
6091,1
6092,0
6093,1
6094,0
6095,1
6096,1
6097,1
6098,1
6099,1
6100,0
6101,1
6102,0
6103,1
6104,1
6105,1
6106,0
6107,0
6108,1
6109,1
6110,1
6111,0
6112,1
6113,1
6114,1
6115,0
6116,0
6117,1
6118,0
6119,0
6120,0
6121,1
6122,0
6123,1
6124,1
6125,1
6126,0
6127,0
6128,0
6129,1
6130,0
6131,0
6132,1
6133,1
6134,1
6135,1
6136,0
6137,0
6138,1
6139,1
6140,1
6141,1
6142,0
6143,0
6144,0
6145,0
6146,1
6147,1
6148,1
6149,0
6150,0
6151,0
6152,0
6153,0
6154,0
6155,1
6156,1
6157,1
6158,1
6159,1
6160,0
6161,1
6162,0
6163,1
6164,1
6165,1
6166,1
6167,0
6168,0
6169,0
6170,1
6171,1
6172,1
6173,0
6174,1
6175,1
6176,1
6177,1
6178,0
6179,1
6180,1
6181,1
6182,1
6183,0
6184,0
6185,1
6186,1
6187,1
6188,1
6189,0
6190,0
6191,1
6192,1
6193,1
6194,0
6195,1
6196,0
6197,1
6198,1
6199,0
6200,1
6201,1
6202,1
6203,1
6204,1
6205,0
6206,1
6207,1
6208,0
6209,0
6210,1
6211,1
6212,1
6213,0
6214,0
6215,0
6216,1
6217,1
6218,1
6219,0
6220,1
6221,1
6222,1
6223,1
6224,1
6225,0
6226,1
6227,1
6228,1
6229,1
6230,1
6231,0
6232,0
6233,1
6234,0
6235,1
6236,1
6237,1
6238,1
6239,0
6240,1
6241,1
6242,1
6243,1
6244,0
6245,1
6246,0
6247,1
6248,1
6249,1
6250,0
6251,1
6252,0
6253,1
6254,0
6255,1
6256,1
6257,1
6258,1
6259,1
6260,1
6261,1
6262,1
6263,1
6264,0
6265,1
6266,0
6267,1
6268,0
6269,0
6270,0
6271,0
6272,1
6273,1
6274,1
6275,1
6276,1
6277,1
6278,1
6279,1
6280,1
6281,0
6282,1
6283,1
6284,0
6285,1
6286,0
6287,1
6288,0
6289,0
6290,0
6291,1
6292,1
6293,1
6294,0
6295,0
6296,1
6297,1
6298,1
6299,0
6300,1
6301,0
6302,0
6303,1
6304,0
6305,0
6306,0
6307,0
6308,1
6309,1
6310,0
6311,1
6312,1
6313,1
6314,0
6315,1
6316,1
6317,0
6318,1
6319,1
6320,1
6321,1
6322,1
6323,1
6324,0
6325,1
6326,0
6327,0
6328,1
6329,1
6330,0
6331,1
6332,1
6333,0
6334,0
6335,0
6336,0
6337,0
6338,1
6339,1
6340,1
6341,1
6342,0
6343,0
6344,1
6345,1
6346,1
6347,1
6348,0
6349,1
6350,0
6351,1
6352,1
6353,0
6354,1
6355,1
6356,1
6357,1
6358,1
6359,1
6360,1
6361,1
6362,0
6363,1
6364,1
6365,1
6366,1
6367,1
6368,0
6369,1
6370,1
6371,1
6372,1
6373,1
6374,1
6375,1
6376,0
6377,1
6378,1
6379,0
6380,1
6381,0
6382,1
6383,0
6384,1
6385,1
6386,1
6387,1
6388,0
6389,1
6390,1
6391,1
6392,1
6393,1
6394,1
6395,0
6396,0
6397,1
6398,0
6399,1
6400,0
6401,0
6402,1
6403,0
6404,1
6405,1
6406,0
6407,0
6408,1
6409,1
6410,0
6411,0
6412,1
6413,1
6414,0
6415,0
6416,0
6417,1
6418,1
6419,0
6420,0
6421,1
6422,1
6423,0
6424,1
6425,1
6426,1
6427,1
6428,1
6429,0
6430,1
6431,1
6432,0
6433,0
6434,1
6435,0
6436,1
6437,1
6438,0
6439,0
6440,1
6441,0
6442,1
6443,1
6444,0
6445,1
6446,0
6447,1
6448,1
6449,1
6450,1
6451,1
6452,1
6453,1
6454,1
6455,1
6456,1
6457,0
6458,1
6459,0
6460,0
6461,0
6462,0
6463,1
6464,0
6465,1
6466,0
6467,0
6468,1
6469,1
6470,0
6471,1
6472,1
6473,1
6474,1
6475,0
6476,1
6477,0
6478,0
6479,1
6480,0
6481,1
6482,1
6483,1
6484,1
6485,1
6486,1
6487,1
6488,1
6489,1
6490,1
6491,0
6492,0
6493,1
6494,0
6495,0
6496,1
6497,1
6498,0
6499,1
6500,1
6501,0
6502,1
6503,0
6504,0
6505,0
6506,0
6507,1
6508,1
6509,1
6510,0
6511,0
6512,0
6513,1
6514,1
6515,1
6516,0
6517,1
6518,1
6519,1
6520,1
6521,0
6522,1
6523,1
6524,1
6525,0
6526,1
6527,1
6528,1
6529,1
6530,0
6531,0
6532,0
6533,0
6534,1
6535,1
6536,0
6537,1
6538,1
6539,0
6540,1
6541,1
6542,1
6543,0
6544,1
6545,1
6546,1
6547,0
6548,1
6549,1
6550,0
6551,0
6552,1
6553,1
6554,1
6555,1
6556,1
6557,0
6558,1
6559,1
6560,1
6561,1
6562,1
6563,1
6564,1
6565,1
6566,1
6567,1
6568,0
6569,1
6570,0
6571,0
6572,1
6573,1
6574,1
6575,0
6576,1
6577,0
6578,1
6579,0
6580,0
6581,1
6582,1
6583,1
6584,0
6585,1
6586,0
6587,1
6588,1
6589,1
6590,1
6591,1
6592,0
6593,0
6594,0
6595,1
6596,1
6597,1
6598,1
6599,1
6600,1
6601,1
6602,0
6603,0
6604,1
6605,1
6606,0
6607,1
6608,1
6609,1
6610,1
6611,1
6612,0
6613,1
6614,1
6615,1
6616,0
6617,1
6618,1
6619,1
6620,1
6621,1
6622,1
6623,1
6624,0
6625,0
6626,0
6627,1
6628,0
6629,1
6630,0
6631,1
6632,1
6633,0
6634,1
6635,1
6636,1
6637,1
6638,1
6639,1
6640,1
6641,1
6642,1
6643,1
6644,1
6645,1
6646,0
6647,0
6648,1
6649,1
6650,1
6651,0
6652,1
6653,1
6654,0
6655,1
6656,1
6657,0
6658,0
6659,0
6660,1
6661,1
6662,1
6663,0
6664,0
6665,1
6666,0
6667,0
6668,1
6669,1
6670,1
6671,1
6672,1
6673,1
6674,1
6675,1
6676,1
6677,1
6678,1
6679,1
6680,1
6681,0
6682,1
6683,1
6684,1
6685,1
6686,0
6687,0
6688,1
6689,0
6690,1
6691,0
6692,1
6693,1
6694,0
6695,0
6696,1
6697,1
6698,1
6699,1
6700,1
6701,1
6702,1
6703,1
6704,1
6705,0
6706,1
6707,1
6708,0
6709,1
6710,1
6711,0
6712,1
6713,1
6714,1
6715,1
6716,1
6717,0
6718,1
6719,0
6720,1
6721,1
6722,1
6723,0
6724,0
6725,1
6726,1
6727,1
6728,1
6729,0
6730,0
6731,1
6732,0
6733,1
6734,0
6735,1
6736,1
6737,1
6738,1
6739,1
6740,1
6741,1
6742,1
6743,1
6744,1
6745,0
6746,1
6747,0
6748,0
6749,1
6750,1
6751,1
6752,0
6753,1
6754,0
6755,0
6756,1
6757,1
6758,1
6759,0
6760,1
6761,1
6762,1
6763,1
6764,1
6765,1
6766,1
6767,1
6768,0
6769,1
6770,1
6771,1
6772,1
6773,0
6774,1
6775,1
6776,1
6777,1
6778,1
6779,1
6780,0
6781,1
6782,1
6783,1
6784,1
6785,0
6786,0
6787,0
6788,1
6789,0
6790,1
6791,1
6792,1
6793,0
6794,1
6795,1
6796,1
6797,1
6798,1
6799,1
6800,0
6801,1
6802,0
6803,1
6804,1
6805,1
6806,1
6807,0
6808,1
6809,1
6810,1
6811,1
6812,1
6813,1
6814,1
6815,0
6816,1
6817,1
6818,1
6819,1
6820,1
6821,0
6822,0
6823,1
6824,0
6825,0
6826,1
6827,0
6828,0
6829,1
6830,0
6831,0
6832,0
6833,1
6834,1
6835,1
6836,0
6837,1
6838,1
6839,1
6840,1
6841,1
6842,1
6843,1
6844,1
6845,1
6846,0
6847,1
6848,1
6849,1
6850,1
6851,0
6852,1
6853,1
6854,1
6855,1
6856,1
6857,1
6858,1
6859,1
6860,1
6861,1
6862,1
6863,1
6864,0
6865,1
6866,1
6867,0
6868,0
6869,1
6870,1
6871,1
6872,0
6873,0
6874,0
6875,0
6876,1
6877,1
6878,1
6879,0
6880,0
6881,1
6882,1
6883,1
6884,1
6885,1
6886,0
6887,1
6888,0
6889,1
6890,0
6891,0
6892,1
6893,1
6894,1
6895,1
6896,1
6897,1
6898,1
6899,0
6900,0
6901,1
6902,1
6903,0
6904,1
6905,1
6906,0
6907,1
6908,0
6909,0
6910,0
6911,1
6912,1
6913,0
6914,1
6915,0
6916,1
6917,0
6918,1
6919,1
6920,0
6921,1
6922,1
6923,1
6924,1
6925,1
6926,1
6927,1
6928,0
6929,1
6930,1
6931,1
6932,0
6933,1
6934,0
6935,1
6936,1
6937,0
6938,1
6939,0
6940,0
6941,1
6942,0
6943,1
6944,1
6945,1
6946,1
6947,1
6948,1
6949,1
6950,1
6951,0
6952,0
6953,1
6954,1
6955,1
6956,1
6957,0
6958,1
6959,0
6960,1
6961,1
6962,1
6963,1
6964,1
6965,0
6966,0
6967,0
6968,0
6969,0
6970,1
6971,0
6972,0
6973,1
6974,0
6975,0
6976,1
6977,1
6978,0
6979,1
6980,1
6981,1
6982,1
6983,1
6984,1
6985,0
6986,0
6987,1
6988,0
6989,1
6990,1
6991,1
6992,1
6993,0
6994,1
6995,0
6996,0
6997,0
6998,1
6999,1
7000,0
7001,1
7002,1
7003,1
7004,1
7005,1
7006,1
7007,0
7008,1
7009,1
7010,1
7011,0
7012,1
7013,1
7014,1
7015,1
7016,0
7017,1
7018,1
7019,1
7020,1
7021,1
7022,1
7023,0
7024,1
7025,1
7026,0
7027,0
7028,1
7029,1
7030,0
7031,1
7032,1
7033,1
7034,1
7035,1
7036,1
7037,1
7038,0
7039,0
7040,1
7041,1
7042,0
7043,1
7044,0
7045,1
7046,1
7047,0
7048,1
7049,1
7050,0
7051,1
7052,1
7053,1
7054,1
7055,1
7056,1
7057,0
7058,0
7059,1
7060,1
7061,0
7062,0
7063,0
7064,1
7065,0
7066,1
7067,1
7068,1
7069,0
7070,1
7071,0
7072,1
7073,1
7074,0
7075,1
7076,1
7077,1
7078,0
7079,0
7080,1
7081,1
7082,0
7083,1
7084,1
7085,1
7086,1
7087,1
7088,0
7089,0